chip_id,decoder,weight_rmse_lsb,weight_rmse_gain_aligned_lsb,weight_max_abs_gain_aligned_lsb,static_error_rms_code,static_error_max_abs_code,static_backsteps,dynamic_sndr_db,dynamic_snr_db,dynamic_sfdr_db,dynamic_thd_db,dynamic_enob,saturation_fraction
0,NOMINAL,197.92306171194068,156.24510496425955,479.05020010501175,350.06837892310614,684.2976752136747,13,35.811940598449546,40.99109512908182,39.984827304076674,-37.38240632833582,5.65646853794843,0.0
0,RTL_CAL_RAW,166.43496349690062,0.1949625995631851,0.5854979798954112,262.0791921149276,453.619999999999,0,92.0128727108383,92.2992266032382,106.4276702549502,-103.96407518745137,14.99217154665088,0.0
0,RTL_CAL_GAIN_COMP,0.19478652393112394,0.19471338296901075,0.5851008688155908,0.476567409892545,1.4009914529924572,0,92.16229810075743,92.42525328136138,106.91742247688914,-104.47213812113355,15.016993039992927,0.0
0,ORACLE,0.0,0.0,0.0,0.4053671905887972,0.9769230769215937,0,93.18796314295622,93.2051283764852,114.9527005538989,-117.22788888309994,15.187369292849871,0.0
1,NOMINAL,293.3545084738708,144.5639352398371,439.0453473473681,653.5097999291789,835.7413675213684,50,36.59440935983731,41.503204607712945,40.19459703574717,-38.288131276794864,5.7864467375145034,0.0
1,RTL_CAL_RAW,185.00993574997577,0.2140821557175434,0.5766615976259288,295.1297618459265,511.619999999999,0,91.18933058932822,91.53635062619598,103.40866316018199,-102.33598291636514,14.855370529788742,0.0
1,RTL_CAL_GAIN_COMP,0.2161570525430423,0.21381042267607145,0.575423527456266,0.5186915672647857,1.6824957264961995,0,91.36833789065099,91.70158398635468,103.49417337824178,-102.68408795065804,14.885105961902159,0.0
1,ORACLE,0.0,0.0,0.0,0.4058464585708604,0.9769230769270507,0,93.4618100568786,93.48148433317985,112.71481748804999,-116.91049893205131,15.232858813434984,0.0
2,NOMINAL,268.13077434932444,141.22903694726378,365.66109336528825,573.1570273283501,834.9748034188051,39,36.841862406637716,41.23047927965308,40.18706880557814,-38.80750261922023,5.827551894790319,0.0
2,RTL_CAL_RAW,200.56263960367446,0.23799859507838322,0.6417103404039857,305.4948316803464,529.619999999999,0,90.43272248306602,90.90127012328608,101.57370930973559,-100.33519581103377,14.729688120110634,0.0
2,RTL_CAL_GAIN_COMP,0.2395209170622588,0.23811802132145157,0.642776166223225,0.5601075156887672,1.7488888888910878,0,90.66642057305666,91.20031474215851,102.24270756188078,-100.03392460516487,14.768508400839977,0.0
2,ORACLE,0.0,0.0,0.0,0.4043444499505847,0.976512820514472,0,93.47340895154032,93.48933620104943,114.18216563384195,-117.83780541973933,15.234785540122978,0.0
3,NOMINAL,156.8830174417006,156.75521084860497,407.66232723433495,404.03610774800694,805.5655042735052,36,33.36681376989172,37.70360776816547,38.855582676819495,-35.362398264801755,5.250301290679688,0.0
3,RTL_CAL_RAW,169.3507611674339,0.1767412450284835,0.5257660264226232,263.44785371703966,456.619999999999,0,91.84217776391725,92.04849659688355,106.20705624570795,-105.17738317873099,14.96381690430519,0.0
3,RTL_CAL_GAIN_COMP,0.17706282869300213,0.17705663210390474,0.526554458204096,0.4664190009775488,1.3955897435916995,0,91.97471705267832,92.32159219311471,104.33374471464191,-103.12311164897396,14.98583339745487,0.0
3,ORACLE,0.0,0.0,0.0,0.4105298186680526,0.9836239316246065,0,93.2870560415526,93.32838790734505,114.54228199144941,-113.52269859229742,15.203829907234653,0.0
4,NOMINAL,230.0023105996222,229.4893721601513,793.3204699315684,591.2034191547685,966.0169230769243,34,30.404395140563256,39.08395250974575,31.94903279081192,-31.036909712006157,4.7582051728510395,0.0
4,RTL_CAL_RAW,169.9073570224735,0.18986208032098417,0.5302972245962785,264.8910115417333,459.619999999999,0,91.81535429397968,91.9916312980165,105.77615212260514,-105.8190811825796,14.95936117840194,0.0
4,RTL_CAL_GAIN_COMP,0.19173324237995087,0.18974972009365992,0.532096409723632,0.49285077470661476,1.4009914529924572,0,92.0006649468125,92.16544196447218,108.10340348278106,-106.29166969588621,14.99014367887251,0.0
4,ORACLE,0.0,0.0,0.0,0.4106167063150021,0.9701538461558812,0,93.2732086752096,93.28314072752605,112.34792014690146,-119.68562688289182,15.201529680267376,0.0
5,NOMINAL,112.8267707796492,83.13297842441897,199.61464937505116,235.27093669829028,522.4758632478661,25,40.597177059624556,45.03551541510609,43.30733521986858,-42.5346106160533,6.451358315552253,0.0
5,RTL_CAL_RAW,170.31643973083274,0.19863350334498564,0.5940769092844285,263.23896638882536,456.0941196581225,0,91.80688868866449,92.21162601159043,102.32516511240189,-102.31379639669755,14.957954931671841,0.0
5,RTL_CAL_GAIN_COMP,0.19982527255157584,0.1986419168354542,0.5952741298763833,0.4842029192997515,1.5120341880356136,0,91.81773460315881,92.14663391564171,103.23322647924014,-103.1883599255386,14.95975657859781,0.0
5,ORACLE,0.0,0.0,0.0,0.4086001341439924,0.9776752136749565,0,93.3771509675209,93.38373523041116,112.63328123250106,-121.57321416951548,15.218795841780882,0.0
6,NOMINAL,58.633740785951844,57.64928625740377,213.24638325751403,132.4569896612455,266.2087863247907,55,43.48433613314582,46.21527239325474,46.98811847191276,-46.79321309030385,6.930952846037512,0.0
6,RTL_CAL_RAW,186.84503234847804,0.2309381057980212,0.6165678649173856,290.5519949053858,503.8570598290571,0,92.13150055822219,92.27329334110918,109.01348355946722,-107.06350591057625,15.011877169139899,0.0
6,RTL_CAL_GAIN_COMP,0.23112816977158898,0.23067281183084756,0.6162609316795624,0.4814871451083492,1.454666666668345,0,92.38149744641314,92.50869848304667,107.99429223461972,-107.77787933884446,15.053404891430754,0.0
6,ORACLE,0.0,0.0,0.0,0.41904422998588364,0.9936752136745781,0,93.31452120928958,93.38836929712777,111.42277806653692,-111.04584349922155,15.208392227456741,0.0
7,NOMINAL,188.15633780432233,69.68929804180763,212.84701509218212,254.0421794017167,397.5122393162419,12,43.92611267958941,45.87144804356619,49.827684072085816,-48.350431915080286,7.0043376544168465,0.0
7,RTL_CAL_RAW,156.47057481460826,0.16986844797205783,0.47464523021680805,239.60548915965964,414.8052991452969,0,92.05370914511919,92.29796033749905,104.75224484994729,-104.67473857287523,14.998955007494882,0.0
7,RTL_CAL_GAIN_COMP,0.1702433536195145,0.16978666041344798,0.47303787573996203,0.45553550531105763,1.2632136752145016,0,92.34378466205831,92.51209371668894,106.66889767768352,-106.5444357183396,15.047140309312011,0.0
7,ORACLE,0.0,0.0,0.0,0.40595807613565127,0.9790427350417303,0,93.31786530699722,93.31855525555568,112.66492795502458,-131.307886273696,15.20894772541482,0.0
8,NOMINAL,97.10549130277734,92.84585662073802,309.1103680090273,246.67918574333785,475.9060854700856,80,38.342602289929125,45.78990386679752,41.121978296694806,-39.204457920964714,6.076844234207496,0.0
8,RTL_CAL_RAW,175.4608607643934,0.19547403635074614,0.5778483102252316,273.8938642720823,474.619999999999,0,92.06059649649578,92.14870967675681,109.97938865100892,-109.03201294713902,15.000099085796641,0.0
8,RTL_CAL_GAIN_COMP,0.19579003964178388,0.19535569923522686,0.5769080150024557,0.46811375243715864,1.352102564102097,0,92.11833664579508,92.19620181538679,112.57238407460278,-109.62162183647834,15.009690472723436,0.0
8,ORACLE,0.0,0.0,0.0,0.41204335209153997,0.9736410256409727,0,93.44412423043771,93.47004135334575,115.24825008439134,-115.6990515775116,15.229920968511248,0.0
9,NOMINAL,215.13475246832283,158.34992908003085,531.526289283167,529.3530586094985,809.7325470085452,52,35.31032983693879,40.83175622546513,38.395478474565515,-36.73972753262457,5.573144491185847,0.0
9,RTL_CAL_RAW,144.83276545924656,0.21330695836629265,0.5229099878023931,222.35168689797686,385.619999999999,0,91.74819858779166,91.78146130336583,104.6808099801577,-112.92308542147573,14.948205745480342,0.0
9,RTL_CAL_GAIN_COMP,0.2130991678750131,0.2130586449630071,0.5242997290147287,0.5036900524940865,1.5364444444458059,0,91.52107373342486,91.60714414112105,106.19049101669448,-108.5933423750201,14.91047736435629,0.0
9,ORACLE,0.0,0.0,0.0,0.402155661976974,0.9753504273503495,0,93.2901413247623,93.3190512231178,113.77450688553671,-115.07196572102247,15.204342412751213,0.0
10,NOMINAL,395.72450292656873,150.3897766889131,386.35246098403877,803.7814300786953,1109.7131282051305,81,36.51229415803502,41.46571109973468,41.85305133249941,-38.18489320272862,5.772806338544024,0.0
10,RTL_CAL_RAW,182.5012856159942,0.1907803714926358,0.5507433442137142,274.4974005518667,475.619999999999,0,92.10784545875325,92.21364674409824,110.49927826150534,-108.29357238108075,15.007947750623464,0.0
10,RTL_CAL_GAIN_COMP,0.19114023107882325,0.1908897024995367,0.5525249720871201,0.4786712284470478,1.4279316239335458,0,92.00418648232474,92.1254161261725,109.92936585876225,-107.6064151243959,14.990728651548961,0.0
10,ORACLE,0.0,0.0,0.0,0.40788127012639047,0.9755555555566389,0,93.21138306303067,93.22939167477637,114.50192129796748,-117.04342501982379,15.191259645021706,0.0
11,NOMINAL,441.18703646104075,262.41440258683025,986.8781489489229,1001.6315693107255,1453.2948034188048,151,29.92503721618386,37.154121254643265,31.37124994406275,-30.83629768984622,4.678577610661771,0.0
11,RTL_CAL_RAW,175.9390895587886,0.19201226449657668,0.5848811060239996,264.82307126210264,457.8570598290571,0,92.33725517348617,92.40955576580716,112.92506991062899,-110.15977987821053,15.046055676658833,0.0
11,RTL_CAL_GAIN_COMP,0.1922408135091323,0.1922258610046413,0.5867601606099768,0.45944479502536417,1.31996581196654,0,92.2043746143248,92.23149474283284,113.74626447075492,-114.26285330417672,15.023982494073888,0.0
11,ORACLE,0.0,0.0,0.0,0.4099243066028835,0.9819145299152297,0,93.10302824566308,93.1076687857682,114.85186452341965,-122.81750611868847,15.1732605059241,0.0
12,NOMINAL,146.00831505484103,103.9750380964028,266.8700451345867,284.18577902928286,630.4789401709386,15,38.82239393279996,43.079043091347195,41.06669584958311,-40.86541767857432,6.156543842657801,0.0
12,RTL_CAL_RAW,167.53443682697608,0.18762654307341875,0.4458192541536832,258.23069255086017,447.0941196581225,0,92.12680149577676,92.4991867183868,104.0007055250768,-102.97958249476113,15.01109659398285,0.0
12,RTL_CAL_GAIN_COMP,0.18910221046189693,0.18747196918041686,0.4454882897616699,0.47161171665805063,1.3700170940173848,0,92.09977839916843,92.37710533259217,105.57462932199113,-104.1856266250228,15.006607707503061,0.0
12,ORACLE,0.0,0.0,0.0,0.41149345814584676,0.990393162392138,0,93.08324698034039,93.09831428457427,114.37662212895441,-117.68826599251868,15.169974581451893,0.0
13,NOMINAL,318.1763259057437,309.7260725155434,1181.569786478114,862.943191764895,1315.9799999999996,189,28.573258475117743,35.47624004951636,30.289485315787473,-29.56431150682778,4.454029647029525,0.0
13,RTL_CAL_RAW,165.10095884892235,0.1751196971813773,0.5482295569456817,255.17158492652743,442.0941196581225,0,92.22155046526271,92.30695600324667,110.80218853875401,-109.3271660398184,15.026835625458922,0.0
13,RTL_CAL_GAIN_COMP,0.17609088258173752,0.17515520621065922,0.5463117132573565,0.4628993602856156,1.5233846153823833,0,92.4062247490928,92.44264173517165,111.5060124170118,-113.18922363025337,15.057512416792823,0.0
13,ORACLE,0.0,0.0,0.0,0.40537546786036244,0.9869059829070466,0,93.3597109242835,93.36822635853903,114.83038131109878,-120.43974305603558,15.215898824631811,0.0
14,NOMINAL,245.29827143518773,189.00851982635652,584.0180401574289,545.9910120291264,1003.7642735042737,30,32.30331723595475,39.6672160271319,33.72969486117099,-33.183697032554065,5.07364073686956,0.0
14,RTL_CAL_RAW,174.35496388905875,0.17873149644853054,0.5361831929192604,275.4955633282287,477.619999999999,0,91.54140186440868,92.01892848487832,105.0767215055578,-101.36584487809907,14.913854130300447,0.0
14,RTL_CAL_GAIN_COMP,0.1793102136656912,0.17895609906231813,0.5358604383573109,0.498848209079284,1.5514871794912324,0,91.5409288509636,92.06980473662585,103.86619908942822,-100.94698901808403,14.913775556638472,0.0
14,ORACLE,0.0,0.0,0.0,0.40767265254252383,0.995384615383955,0,93.34398786511113,93.35482494830649,114.7088460980379,-119.37812431873229,15.21328702078258,0.0
15,NOMINAL,173.44866862245848,145.5664577193279,620.2275569391295,431.25828756379605,661.9276239316241,110,36.58280979305681,40.965720591929255,39.74432780753382,-38.55171955988195,5.784519899178873,0.0
15,RTL_CAL_RAW,197.65643172055974,0.21020603079123318,0.5813309566230345,310.50486794295045,537.8570598290571,0,91.85128709391392,92.17056052824913,104.14087248021244,-103.34616114938788,14.965330082045503,0.0
15,RTL_CAL_GAIN_COMP,0.21032697684791302,0.21028262424944888,0.5800335751647552,0.4787269196381036,1.412957264958095,0,91.98463149888886,92.26066222576584,104.8258439769033,-104.09018470610138,14.987480315430043,0.0
15,ORACLE,0.0,0.0,0.0,0.40446923536600704,0.9830769230793521,0,93.16550721084737,93.18545705985409,112.80761971198058,-116.55392529978137,15.18363907156933,0.0
16,NOMINAL,246.33679873095784,217.36205222511103,626.8312200554828,667.2272034071474,1054.7531282051277,17,33.038443458057806,37.62852195632356,38.472798692582046,-34.89283717823705,5.195754727252127,0.0
16,RTL_CAL_RAW,196.4397198975687,0.20063551154193096,0.5547892897338613,302.4263977034539,523.8570598290571,0,91.36384778325274,91.6666616568471,103.36852286127677,-103.08046043797056,14.884360096885837,0.0
16,RTL_CAL_GAIN_COMP,0.2018978432063201,0.20066384006199947,0.5543206914075398,0.5198665801231301,1.6139829059829935,0,91.35968364025813,91.66363204058692,103.291061270139,-103.06061602132576,14.88366837878042,0.0
16,ORACLE,0.0,0.0,0.0,0.4115615658120839,0.995384615383955,0,93.38730169682684,93.43571272487084,114.3106136509875,-112.93988478583339,15.220482009439674,0.0
17,NOMINAL,442.99850606719605,354.87672164415955,1370.8128532194132,1111.403252948169,1622.0448205128232,98,27.713558350508873,35.559268497796324,29.28839693634401,-28.492644378527693,4.3112223173602775,0.0
17,RTL_CAL_RAW,173.53017335277423,0.23051801786070983,0.5341465024844823,277.05416661902404,480.0941196581225,0,91.16972378662886,91.33268199479888,107.63329305958322,-105.50802882491864,14.85211358581875,0.0
17,RTL_CAL_GAIN_COMP,0.230787990110638,0.23035043368801533,0.534660651188652,0.5177753269264554,1.735623931625014,0,91.66708551649286,91.7889580564703,109.33664025099326,-107.24666377528615,14.934731813370908,0.0
17,ORACLE,0.0,0.0,0.0,0.4101056877497181,0.9719316239315958,0,93.18056172145903,93.20318602387637,113.39172595685433,-116.02396010147402,15.18613982084037,0.0
18,NOMINAL,195.18670855370002,150.6746698620545,589.1349347566829,493.57353469229645,720.9376752136777,35,34.941575267439916,41.684683848706754,36.76995146888668,-35.97457483122717,5.511889579308956,0.0
18,RTL_CAL_RAW,183.5716505661034,0.16056882203523656,0.4939079577651384,282.3883303583427,488.8570598290571,0,92.18751929543701,92.27374979195031,110.44307835855022,-109.25179745040623,15.02118260721545,0.0
18,RTL_CAL_GAIN_COMP,0.1605524294615723,0.16055108405505886,0.4952140938703806,0.4640140848702263,1.3134700854679977,0,92.24253229904713,92.32103219135509,111.11531679204842,-109.71087562778078,15.030320979908161,0.0
18,ORACLE,0.0,0.0,0.0,0.39927444434726617,0.9832820512856415,0,93.4952561812355,93.50303212268899,114.78106817889987,-120.96945686438653,15.238414648045765,0.0
19,NOMINAL,474.77843926917313,202.01956064730345,573.0947993120753,850.7845557332254,1713.8610940170947,105,30.63632889117455,36.334518333893776,34.22180270514723,-31.99873403547555,4.79673237394926,0.0
19,RTL_CAL_RAW,193.7850552621504,0.19361969155247105,0.5399438022170244,289.71715148259835,501.56823931623876,0,92.15956916970781,92.22553196205806,111.51726681614258,-110.37736161412248,15.016539729187343,0.0
19,RTL_CAL_GAIN_COMP,0.1931742584116449,0.19316771136938182,0.5380505734773564,0.46717121210257034,1.376923076924868,0,92.47750619653372,92.52691790076742,114.01654499636855,-111.94173340576009,15.069353188792977,0.0
19,ORACLE,0.0,0.0,0.0,0.4146192200892001,0.9888205128227128,0,93.29408080412836,93.2958905844658,114.58495604479705,-127.09657012128443,15.204996811317002,0.0
20,NOMINAL,235.69571208808145,134.489177308993,463.4524219412424,481.1384466802753,910.1223589743604,40,37.70495829119597,38.64076627377651,43.95775805256376,-44.83043928098812,5.970923304185378,0.0
20,RTL_CAL_RAW,136.8212764886164,0.1630647861915203,0.4199052055652004,216.96794685448202,375.8570598290571,0,92.57890411966076,92.76816598365862,107.33842988887643,-106.28040337831274,15.086196697618067,0.0
20,RTL_CAL_GAIN_COMP,0.1641813350553317,0.16345230865599503,0.4210865644786139,0.4722254102142204,1.3523076923083863,0,92.20134718310305,92.3714714490559,109.2114631219099,-106.35631211416607,15.023479598522101,0.0
20,ORACLE,0.0,0.0,0.0,0.40385302450573324,0.9854017094003211,0,93.2222584100999,93.22987489216261,113.54307179327193,-120.78636497125379,15.193066181079717,0.0
21,NOMINAL,215.763685964691,212.22750903328918,840.2593469901731,562.4656226987196,851.8050940170979,35,31.49095217378752,39.04657855776212,32.75324128774133,-32.3293867329155,4.9386963743833086,0.0
21,RTL_CAL_RAW,172.98539057946363,0.16691904524182202,0.4659415308227679,268.26691171875825,464.619999999999,0,92.1341458788425,92.35592004597564,105.36036599233265,-105.1632946419315,15.012316591169851,0.0
21,RTL_CAL_GAIN_COMP,0.16914078986999037,0.16691997957867416,0.46471056453831494,0.4768164665286233,1.619794871794511,0,92.11450336329165,92.3798973181833,104.52008067139121,-104.38545746068881,15.0090537148325,0.0
21,ORACLE,0.0,0.0,0.0,0.41206851029400926,0.9776752136749565,0,93.25264545405804,93.25490030574537,113.671162469453,-126.10043612940396,15.198113862800339,0.0
22,NOMINAL,244.3000785558414,212.16857812265965,738.8571933470521,651.3305360533077,1021.4550769230809,73,32.35164681926632,37.03792345984058,36.39724021707627,-34.155658511759974,5.081668906854871,0.0
22,RTL_CAL_RAW,183.90443748524135,0.18346440990872223,0.4927226423836899,282.98430465510427,490.0941196581225,0,90.9621532953893,91.67965872927978,100.89697011206596,-99.13555912385976,14.81763343777231,0.0
22,RTL_CAL_GAIN_COMP,0.18337497839132216,0.18337315985847763,0.4928865639647739,0.5185467207175564,1.6524786324789602,0,91.20359166617004,91.70633660223564,101.73929119795002,-100.81690553603278,14.85773947943024,0.0
22,ORACLE,0.0,0.0,0.0,0.4094152371973999,0.9784273504301382,0,93.23694362850183,93.24018924225344,114.8823283545147,-124.5034410993449,15.195505586129872,0.0
23,NOMINAL,197.1577445872389,128.17573087364428,439.3451304576374,427.8606599720355,793.4801025641027,21,35.91603091528721,42.78564436501494,37.43168366959769,-36.91567879283015,5.67375928825369,0.0
23,RTL_CAL_RAW,169.41310238037988,0.19324525763881248,0.574119966751443,259.98104760230035,450.619999999999,0,91.92158973504279,92.10038067266564,107.59177356147967,-105.86506661482035,14.977008261635014,0.0
23,RTL_CAL_GAIN_COMP,0.19377711753620103,0.1935466052640173,0.5740879587205789,0.4891758838260254,1.4418119658112118,0,91.62586038785659,91.86872303718253,104.94010752367777,-104.27096167510933,14.927883785358238,0.0
23,ORACLE,0.0,0.0,0.0,0.3993496521545235,0.9880683760675311,0,93.25599715477588,93.25748447987381,114.72194537373191,-127.91052484390626,15.198670623716925,0.0
24,NOMINAL,271.74711164670526,213.10816202031106,795.0093426801359,663.7048137138513,1124.9967521367544,19,32.58612843652034,38.08525777321691,34.28894814363214,-34.024247727100104,5.120619341614675,0.0
24,RTL_CAL_RAW,139.74573470522225,0.19087274077314564,0.5117404645508081,214.03999563706492,371.619999999999,0,92.20049803906356,92.3085300227012,110.42883634414724,-108.29672166758024,15.023338544694944,0.0
24,RTL_CAL_GAIN_COMP,0.1907224784248778,0.19072168393329994,0.511003099315932,0.4576626901972472,1.4194529914529994,0,92.29711401221026,92.4254097616438,109.97049887850471,-107.65682440401646,15.039387709669478,0.0
24,ORACLE,0.0,0.0,0.0,0.41494887462691205,0.9790427350417303,0,93.38265448019541,93.45037174252084,113.66726616475401,-111.48731830818676,15.219710046544089,0.0
25,NOMINAL,109.11217273296167,107.81501205027848,311.1368995466073,230.17671974929698,515.030393162393,48,40.33055631752796,43.02844882658083,46.05260910413115,-43.67749058772537,6.407069155735542,0.0
25,RTL_CAL_RAW,163.66551281893584,0.1632136435734485,0.4936732759761071,254.41484973385604,440.8570598290571,0,92.39426854941394,92.82304160933435,103.12214872343151,-102.66245958917284,15.05552633711195,0.0
25,RTL_CAL_GAIN_COMP,0.1633873804816353,0.16336716323731787,0.4933606195082234,0.47101451916196585,1.3569572649612383,0,92.05387463288673,92.44377221152803,104.64989007612712,-102.71570275499778,14.998982497157265,0.0
25,ORACLE,0.0,0.0,0.0,0.4041487941021879,0.9826666666667734,0,93.17594609729355,93.18208018832499,111.69149282765483,-121.67935372749533,15.185373105862716,0.0
26,NOMINAL,504.59382160560955,136.12963107336302,368.9357759757877,959.3666161716295,1375.1285128205127,74,37.14172137031603,41.22585085082864,40.244320594720975,-39.2917665384608,5.877362353873095,0.0
26,RTL_CAL_RAW,140.38598990909802,0.19029025477447356,0.47146415773973516,229.19896019530813,397.619999999999,0,91.70512569286358,91.90653024097043,106.17090617577277,-105.14258917820209,14.941050779545444,0.0
26,RTL_CAL_GAIN_COMP,0.19036204784782243,0.1902167260195105,0.47138604361098047,0.4908944967732568,1.4077606837636267,0,91.64767191277056,91.90543516788468,104.37541703682173,-104.04154914640242,14.931506962254247,0.0
26,ORACLE,0.0,0.0,0.0,0.40544892638766505,0.9828717948694248,0,93.32571478403574,93.34941806891041,115.05155611849443,-115.96731878851347,15.210251625255106,0.0
27,NOMINAL,226.54591913358158,153.36409290540198,503.7570253520944,521.9964992117085,876.7814358974392,17,34.57035197522282,37.68338665123254,39.798298410003234,-37.48029140347309,5.450224580601798,0.0
27,RTL_CAL_RAW,196.0990788275426,0.18693356761969673,0.5951603029045955,300.4251485455495,520.3311794871806,0,91.8935143312602,92.12839064576819,106.19207753200152,-104.67987410071115,14.972344573299038,0.0
27,RTL_CAL_GAIN_COMP,0.1874235976991142,0.18695197093420518,0.5948487160496043,0.47316006999117055,1.4019487179502903,0,92.24871308229011,92.5554745802944,105.65952224474435,-103.91102565261676,15.031347688088058,0.0
27,ORACLE,0.0,0.0,0.0,0.4028306664730682,0.9753504273503495,0,93.39324259190575,93.40398820772334,110.24277300090104,-119.46414431094802,15.221468869087333,0.0
28,NOMINAL,150.3596222578453,101.83984336016292,343.39282755009845,367.3798396423846,558.6153504273498,104,39.633979468701234,43.99804300036796,44.36741115973892,-41.61373682535832,6.291358715731103,0.0
28,RTL_CAL_RAW,194.7366821185904,0.16841921129246498,0.5537331011912983,306.3478108179521,530.0941196581189,0,92.07194902071419,92.1899913978537,110.00199532249928,-107.78830017137138,15.001984887161825,0.0
28,RTL_CAL_GAIN_COMP,0.16857145026942202,0.16855153586431817,0.5529981824224066,0.4742860163849822,1.5245470085465058,0,92.01039004488257,92.05715401871379,112.58833016361775,-111.71248007564688,14.991759143668201,0.0
28,ORACLE,0.0,0.0,0.0,0.4172331202982325,0.9878632478648797,0,93.26546518354408,93.29627004161304,115.52769288212046,-114.77250949981304,15.200243385970778,0.0
29,NOMINAL,81.48414437403353,80.3543871707616,243.82241949981653,202.31628836932458,379.79736752136887,14,39.84869606455622,47.03836536092265,42.746646887750984,-40.76921014750778,6.3270259243448885,0.0
29,RTL_CAL_RAW,198.919231448004,0.2496186046277456,0.5983945724289299,310.02201590262473,536.5682393162388,0,91.44742496282846,91.58885690642816,106.76225793004285,-106.3903170423216,14.898243349307053,0.0
29,RTL_CAL_GAIN_COMP,0.2502136392046144,0.25011506933576755,0.5979767753305225,0.5049178649956435,1.659794871797203,0,91.5886338118641,91.73525250683653,106.76576391051165,-106.37768653337463,14.92169996874819,0.0
29,ORACLE,0.0,0.0,0.0,0.41250931958740417,0.9951794871813036,0,93.40641583293018,93.42693953531739,111.5363861319239,-116.67195967232699,15.22365711510468,0.0
30,NOMINAL,134.0283024544886,69.35020939755562,220.55347236753005,256.7071545581306,547.5073846153864,31,40.909063442343154,47.30497162875714,43.574188701056784,-42.040225105434345,6.5031666847746115,0.0
30,RTL_CAL_RAW,174.5681863066835,0.19838413827844803,0.5462746470236226,274.7186471913155,476.619999999999,0,91.78567385387646,91.96094251650175,108.75079568004983,-105.81381385167654,14.954430872736953,0.0
30,RTL_CAL_GAIN_COMP,0.1990571462203817,0.19833118246543782,0.5475355799399679,0.4880903754987883,1.5410940170950198,0,91.86682282539799,92.1029059811406,107.15480955050934,-104.63152278176311,14.967910768338536,0.0
30,ORACLE,0.0,0.0,0.0,0.4047327969539898,0.9899829059831973,0,93.12602901919297,93.14781576966442,111.68863197701768,-116.13283635984759,15.177081232424081,0.0
31,NOMINAL,269.7721196899728,101.34213415710148,322.85835955138464,400.3737696121036,895.6779145299188,22,37.96308454293507,41.05612510719893,44.89005886466302,-40.89219081788332,6.013801419092205,0.0
31,RTL_CAL_RAW,166.66442277662324,0.17418627392536262,0.4601797995616934,253.4119123544249,439.619999999999,0,92.3743512009554,92.4949584924349,109.59885676958044,-107.99862275893888,15.052217807467676,0.0
31,RTL_CAL_GAIN_COMP,0.17519451506976783,0.17458047712858338,0.46182216494579365,0.4580875030324327,1.2953504273518774,0,92.15833480429679,92.2953234169397,108.76659956297345,-107.23764750968576,15.016334685099133,0.0
31,ORACLE,0.0,0.0,0.0,0.41191583593483755,0.9851965811958507,0,93.30326997464942,93.30759767614575,114.70107291699831,-123.32070378247386,15.206523251602894,0.0
