repeat,decoder,sndr_db,snr_db,sfdr_db,thd_db,enob,aligned_error_rmse_lsb,saturation_fraction
0,ORACLE_NO_SRM_NOISY,90.55402698406411,90.96678138060636,115.52709608668437,-117.22591709974836,14.749838369445865,0.6186975373123372,0.0
0,ORACLE_SRM_22_NOISY,95.8967139722695,96.22504362101856,123.12361661631512,-126.97427122159412,15.637327902370348,0.33445347286571214,0.0
0,ORACLE_SRM_EXPECTED_NOISY,96.77522357723483,97.76952668861213,120.79118403108427,-127.21589549721288,15.78325973043768,0.3023200679349995,0.0
0,SELF_CAL_NO_SRM_NOISY,89.79551826335378,90.53086176639171,106.0441771250673,-105.83514424848636,14.623840243082023,0.6660416226109174,0.0
0,SELF_CAL_SRM_22_NOISY,93.89385699227546,95.11159454576793,106.4267116662161,-106.36992025355494,15.304627407354728,0.41552582218132644,0.0
1,ORACLE_NO_SRM_NOISY,90.54060076412567,91.08924356622295,116.44526131702703,-115.65982979321842,14.747608100353101,0.6196348460225254,0.0
1,ORACLE_SRM_22_NOISY,95.89211810613367,96.32374850311686,120.61216619529255,-123.55577353407466,15.63656446945742,0.33462497255883855,0.0
1,ORACLE_SRM_EXPECTED_NOISY,96.79369150656603,97.79319061824226,120.17014020714905,-124.62970555880842,15.786327492785055,0.3017142511515706,0.0
1,SELF_CAL_NO_SRM_NOISY,89.7472086852634,90.62813615784412,105.39768665223441,-105.11463832238522,14.615815396223157,0.6697329060900834,0.0
1,SELF_CAL_SRM_22_NOISY,93.94387297453748,95.14846221003049,106.58213704864599,-106.47444895139714,15.312935710056061,0.4131144299936309,0.0
2,ORACLE_NO_SRM_NOISY,90.477363537146,90.92039011032006,114.8816498246007,-117.90020612533267,14.737103577599004,0.6241882067455504,0.0
2,ORACLE_SRM_22_NOISY,95.85673371069151,96.06973639650184,123.05773168569988,-123.78602013514626,15.630686662905568,0.33601483427394496,0.0
2,ORACLE_SRM_EXPECTED_NOISY,96.76889973535147,97.77286182992617,121.9981792336614,-125.50329291011792,15.782209258364032,0.3025307498664218,0.0
2,SELF_CAL_NO_SRM_NOISY,89.73880364604653,90.58923006108651,105.25567047404516,-105.17921578171574,14.614419210306734,0.6704201488419668,0.0
2,SELF_CAL_SRM_22_NOISY,93.80175992243893,94.89649422753942,106.08287267294588,-106.04324638850784,15.289328890770587,0.4199620847190288,0.0
3,ORACLE_NO_SRM_NOISY,90.51628713015359,90.94271764260638,114.94132753883332,-116.78053108836036,14.743569290723187,0.6213969105395369,0.0
3,ORACLE_SRM_22_NOISY,95.82854394179073,96.04410179314534,122.82642047753667,-122.46899257320703,15.62600397704165,0.33708546294484004,0.0
3,ORACLE_SRM_EXPECTED_NOISY,96.71022703321123,97.61642230286517,121.87340524922773,-126.36382505165355,15.772462962327447,0.3045493178848967,0.0
3,SELF_CAL_NO_SRM_NOISY,89.68934211091556,90.50469197733557,105.33195027566606,-105.16144734900541,14.606203008457735,0.6742194453465415,0.0
3,SELF_CAL_SRM_22_NOISY,93.91934052778788,94.99516828599988,106.25912900903528,-106.18481404191535,15.308860552788685,0.4142912688317975,0.0
4,ORACLE_NO_SRM_NOISY,90.47459528480267,90.99415132445236,114.55174513813729,-115.8546626938404,14.736643735017056,0.6243596584393349,0.0
4,ORACLE_SRM_22_NOISY,95.91999180633019,96.25581350224272,122.02297332913679,-123.89389950079467,15.641194652214317,0.3336322810454513,0.0
4,ORACLE_SRM_EXPECTED_NOISY,96.75678334202757,97.70797873971361,121.42551702893365,-124.65971388068718,15.780196568443118,0.3029195738431255,0.0
4,SELF_CAL_NO_SRM_NOISY,89.68626717294548,90.67313254899885,104.81978728425473,-104.66501568854328,14.605692221419515,0.6744493546492952,0.0
4,SELF_CAL_SRM_22_NOISY,93.83796892190175,95.00113561147137,105.9441643755187,-105.86107117955906,15.295343674734509,0.4182506299961341,0.0
5,ORACLE_NO_SRM_NOISY,90.58940883806724,90.95627950033771,115.07927730359589,-114.5974398402975,14.755715753831769,0.6161909207648405,0.0
5,ORACLE_SRM_22_NOISY,95.81452101654322,95.98417553289923,122.77205178067919,-120.40383028044738,15.623674587465652,0.3376882845221925,0.0
5,ORACLE_SRM_EXPECTED_NOISY,96.76178284609367,97.70797038254739,122.1781802152743,-122.72822740021078,15.781027050846124,0.3028327996839175,0.0
5,SELF_CAL_NO_SRM_NOISY,89.74185971167245,90.55479550385058,104.6164621581177,-104.47251456438325,14.614926862404062,0.6701595428703709,0.0
5,SELF_CAL_SRM_22_NOISY,93.90343773040512,95.17080037854802,105.76080062746098,-105.70227628873411,15.306218892093874,0.4150389663963463,0.0
6,ORACLE_NO_SRM_NOISY,90.64203901927007,90.98534327408211,115.9886198551587,-117.68417679298237,14.76445830884885,0.6124413461322459,0.0
6,ORACLE_SRM_22_NOISY,95.90466026192934,96.21864361102384,122.15156800458045,-125.07944910031169,15.638647884041418,0.3341421715925652,0.0
6,ORACLE_SRM_EXPECTED_NOISY,96.8381512832952,97.82646894837501,121.68866314492209,-124.06154410684458,15.79371283775668,0.3002088966472003,0.0
6,SELF_CAL_NO_SRM_NOISY,89.74673791260227,90.47568573959133,105.40187901993343,-105.28428270442447,14.61573719478443,0.6697684267347305,0.0
6,SELF_CAL_SRM_22_NOISY,93.92116205571614,94.85793067068785,106.6699572125073,-106.53390351863669,15.30916313217876,0.4142080430541786,0.0
7,ORACLE_NO_SRM_NOISY,90.53632716076464,91.00935304794373,115.80400754880073,-115.40752137979152,14.746898199462565,0.6199380331799342,0.0
7,ORACLE_SRM_22_NOISY,95.95004724068998,96.1403886583136,121.44320142639204,-123.79642389759249,15.64618724928405,0.33242406778737177,0.0
7,ORACLE_SRM_EXPECTED_NOISY,96.76673093901081,97.73124875732557,120.89425931897028,-126.62387686057014,15.781848993191165,0.3026044691199907,0.0
7,SELF_CAL_NO_SRM_NOISY,89.72651865992881,90.51524365764705,105.7779251933352,-105.40757964640305,14.612378514938342,0.6713292067653468,0.0
7,SELF_CAL_SRM_22_NOISY,93.87819264910299,95.15086666473337,106.37105137792916,-106.2131241455306,15.302025356993852,0.41624932894290456,0.0
8,ORACLE_NO_SRM_NOISY,90.59422209075295,91.0849054403083,115.71328632529463,-115.87081357826128,14.756515297467267,0.6158782727389892,0.0
8,ORACLE_SRM_22_NOISY,95.8397638336518,96.05661153368617,122.1190747966432,-122.91857330051442,15.627867746453788,0.33665387826022475,0.0
8,ORACLE_SRM_EXPECTED_NOISY,96.73106735590741,97.69396636072219,121.57662918594141,-123.9668177506136,15.775924809951398,0.30394154676982016,0.0
8,SELF_CAL_NO_SRM_NOISY,89.82037687968116,90.60457162629929,104.8819555725914,-104.74043139797487,14.627969581342386,0.6641558149128509,0.0
8,SELF_CAL_SRM_22_NOISY,93.85747634151775,95.11616938179,106.19597179118811,-106.1108091162713,15.29858410988667,0.4172447782337421,0.0
9,ORACLE_NO_SRM_NOISY,90.57350609284188,90.99680154567517,116.5138186460342,-117.99372863768781,14.753074101800978,0.6172904814382152,0.0
9,ORACLE_SRM_22_NOISY,95.86016940982893,96.08721544827183,122.82125914868338,-120.9065237271666,15.631257377047994,0.3359191252481449,0.0
9,ORACLE_SRM_EXPECTED_NOISY,96.75534448349455,97.74182865749138,121.23375792267356,-126.12919174864581,15.779957555397766,0.3030295614136594,0.0
9,SELF_CAL_NO_SRM_NOISY,89.81019447699934,90.5227839884602,106.51036176826466,-106.2981423059941,14.626278152325472,0.6648915019264677,0.0
9,SELF_CAL_SRM_22_NOISY,93.88970145053264,95.03621342449522,106.08675286877278,-105.98558415550572,15.303937118028678,0.4157139645867426,0.0
10,ORACLE_NO_SRM_NOISY,90.5060930693537,90.92200257999421,114.80696186556838,-117.71751981378355,14.74187592514181,0.62210500678788,0.0
10,ORACLE_SRM_22_NOISY,95.83788921536397,96.02766117407023,123.18578999310222,-123.47117480706503,15.627556348067106,0.3367324286484346,0.0
10,ORACLE_SRM_EXPECTED_NOISY,96.75501985092754,97.73771204795341,121.78576657894668,-125.62977982687894,15.779903629722183,0.3030273078631876,0.0
10,SELF_CAL_NO_SRM_NOISY,89.69073007435952,90.44739288932479,105.79547511684753,-105.66558524748588,14.606433567169356,0.6741030894876564,0.0
10,SELF_CAL_SRM_22_NOISY,93.74949606522077,94.91067645792657,105.91962635348415,-105.83468928949358,15.280647186913749,0.4224770543348642,0.0
11,ORACLE_NO_SRM_NOISY,90.46075362414231,90.85284260983158,116.28056628639428,-118.86550588165969,14.734344455837594,0.6253637739363476,0.0
11,ORACLE_SRM_22_NOISY,95.87780737526813,96.23075057160418,122.7759194296872,-123.88472059969874,15.634187271639226,0.33517739306861855,0.0
11,ORACLE_SRM_EXPECTED_NOISY,96.73311750807315,97.73745827732344,120.6911651653455,-125.62450298052019,15.77626536678956,0.30375389260381863,0.0
11,SELF_CAL_NO_SRM_NOISY,89.77368909280531,90.52483422725965,105.51462152829231,-105.40733016012237,14.620214135017495,0.6676970319059704,0.0
11,SELF_CAL_SRM_22_NOISY,93.82040619445227,95.026103593041,106.18518006961692,-106.0528014566499,15.292426278148218,0.4190255892640682,0.0
12,ORACLE_NO_SRM_NOISY,90.48784650814093,91.02805952665504,116.49435053136682,-115.26555158614374,14.738844934907132,0.6234576550761395,0.0
12,ORACLE_SRM_22_NOISY,95.87540828404288,96.12500346492722,120.94634023074293,-122.25839399513391,15.63378875150214,0.33527234253396687,0.0
12,ORACLE_SRM_EXPECTED_NOISY,96.76474069905115,97.74654608768081,121.65642538716568,-127.10299086714029,15.781518388546703,0.30268197548105324,0.0
12,SELF_CAL_NO_SRM_NOISY,89.71710682617469,90.48560851775778,105.79707505333074,-105.40450806496686,14.610815087404433,0.6721149940992879,0.0
12,SELF_CAL_SRM_22_NOISY,93.91930838539061,95.17806477531428,105.9228624914449,-105.83494724554298,15.308855213520035,0.41428707735736187,0.0
13,ORACLE_NO_SRM_NOISY,90.56097173769808,91.06049953580143,115.65606529127137,-115.27341296310182,14.750991983006326,0.6181918849302781,0.0
13,ORACLE_SRM_22_NOISY,95.94405612637789,96.22918638466457,122.32909709578415,-121.53825194053262,15.645192047571078,0.332632595178201,0.0
13,ORACLE_SRM_EXPECTED_NOISY,96.80932688001326,97.81733070983142,121.75822442872457,-124.4193824811642,15.788924730899213,0.30118908403079764,0.0
13,SELF_CAL_NO_SRM_NOISY,89.74183292936996,90.52490728895414,104.86186001676515,-104.73163611480655,14.614922413516606,0.6701467735001605,0.0
13,SELF_CAL_SRM_22_NOISY,93.90979599513302,95.05548669346568,106.01439752144086,-105.92202886947794,15.307275082248012,0.4147528169574339,0.0
14,ORACLE_NO_SRM_NOISY,90.53829614832546,90.92216036680472,116.23544137953408,-119.32967998147824,14.747225273808215,0.619822057234046,0.0
14,ORACLE_SRM_22_NOISY,95.91856952093913,96.17518866940502,121.57341929603515,-125.33062793488476,15.64095839218258,0.33370870835429933,0.0
14,ORACLE_SRM_EXPECTED_NOISY,96.72078793541574,97.73606917718118,121.11778944589068,-126.55087420154318,15.774217265019226,0.3042434607483977,0.0
14,SELF_CAL_NO_SRM_NOISY,89.7678716680004,90.57801043542064,105.47490658000493,-105.38695322110806,14.619247785382125,0.6681688932319798,0.0
14,SELF_CAL_SRM_22_NOISY,93.90088062569346,95.09287892054054,106.32363770672842,-106.26682560355312,15.305794123869346,0.41519069066290737,0.0
15,ORACLE_NO_SRM_NOISY,90.6075005787614,90.97551029197541,116.38700347409247,-116.59775157202318,14.758721026372326,0.6148856007738989,0.0
15,ORACLE_SRM_22_NOISY,95.97967512398242,96.21124593518039,122.7476593294655,-124.26568625446887,15.651108824581797,0.3312885809739964,0.0
15,ORACLE_SRM_EXPECTED_NOISY,96.77659414632068,97.774327818747,121.50782932913728,-124.25777254851135,15.783487399721043,0.3022678452929087,0.0
15,SELF_CAL_NO_SRM_NOISY,89.7127458356596,90.59292333250536,105.39608059863468,-105.21716551447811,14.61009067037535,0.6723996663606688,0.0
15,SELF_CAL_SRM_22_NOISY,93.96380345106373,95.12072478999892,106.81112700227129,-106.69842392593989,15.31624642044248,0.4122220631716606,0.0
16,ORACLE_NO_SRM_NOISY,90.58897625759374,91.10913516988083,115.79963074301375,-116.38213153772824,14.755643896610257,0.6162584022186162,0.0
16,ORACLE_SRM_22_NOISY,95.92257263559907,96.18834765245033,121.27977138117879,-126.14194151246402,15.641623361395194,0.3334854479125326,0.0
16,ORACLE_SRM_EXPECTED_NOISY,96.79856628328554,97.83795669817167,121.16763492269975,-127.25837415771755,15.787137256359724,0.301553456368602,0.0
16,SELF_CAL_NO_SRM_NOISY,89.77800305441167,90.58741061180874,106.13769753133296,-105.82058532679945,14.620930739935494,0.6674199543961775,0.0
16,SELF_CAL_SRM_22_NOISY,93.92052546890909,94.92782814088869,106.721819783115,-106.63111835321486,15.309057386861975,0.41422542260567097,0.0
17,ORACLE_NO_SRM_NOISY,90.54532719297704,91.0063643284094,115.96498672238246,-114.82228827544347,14.748393221424758,0.619314995984477,0.0
17,ORACLE_SRM_22_NOISY,95.88004553729422,96.01481306079414,122.14934836800167,-124.07148599090735,15.6345590593512,0.3350910640401527,0.0
17,ORACLE_SRM_EXPECTED_NOISY,96.74256406100957,97.73065113783215,122.16221845035764,-128.35830267695354,15.777834561629497,0.3034526113032015,0.0
17,SELF_CAL_NO_SRM_NOISY,89.77732596005188,90.64586467296776,105.50482104706951,-105.17938381831434,14.62081826578935,0.6674324960843337,0.0
17,SELF_CAL_SRM_22_NOISY,93.94688632655499,95.08125554475686,106.043916055787,-105.97328845249382,15.3134362668696,0.41297266654347914,0.0
18,ORACLE_NO_SRM_NOISY,90.53901702604131,90.99770651356201,114.54474443128609,-117.00902208277805,14.747345020937095,0.6197691597178977,0.0
18,ORACLE_SRM_22_NOISY,95.88689204584936,96.24717210716959,123.0149461755341,-125.07520288852874,15.635696353131124,0.33483566194184367,0.0
18,ORACLE_SRM_EXPECTED_NOISY,96.75338908264732,97.71239288762084,121.17026672695012,-126.43837163632597,15.779632737981283,0.30305886019238415,0.0
18,SELF_CAL_NO_SRM_NOISY,89.79508389188217,90.66670261729854,105.32619840685612,-105.22558708466902,14.62376808835252,0.666076280609536,0.0
18,SELF_CAL_SRM_22_NOISY,93.8560520818751,95.08584101982032,105.61678094264477,-105.5290131986539,15.298347521906164,0.4173705323797271,0.0
19,ORACLE_NO_SRM_NOISY,90.49849829675043,90.97642510224105,115.37903032093968,-118.35322102052017,14.740614335008377,0.6226473612747185,0.0
19,ORACLE_SRM_22_NOISY,95.84563422004223,96.14054738068434,122.35848712761867,-125.08479912297776,15.628842893694722,0.33643256519674636,0.0
19,ORACLE_SRM_EXPECTED_NOISY,96.72813445254104,97.70653952149823,121.74282997155699,-126.42532527329479,15.77543761670117,0.303942582838188,0.0
19,SELF_CAL_NO_SRM_NOISY,89.57884633979306,90.43212858523098,105.82965930800191,-105.65901781878338,14.587848229201505,0.6828386078991731,0.0
19,SELF_CAL_SRM_22_NOISY,93.91417341260623,95.0824044310076,106.28894285425983,-106.19192372798568,15.30800222800768,0.4145375072939417,0.0
20,ORACLE_NO_SRM_NOISY,90.57333727892158,91.06970850767618,114.84027689824701,-116.95297571513035,14.753046059621527,0.617301961965737,0.0
20,ORACLE_SRM_22_NOISY,95.8965120552761,96.16496391153,121.53223412266743,-122.56377441807571,15.637294361341546,0.3344658160551794,0.0
20,ORACLE_SRM_EXPECTED_NOISY,96.78711698067809,97.77705066219163,121.8961508028587,-125.57365169971851,15.785235378850182,0.3018919167119217,0.0
20,SELF_CAL_NO_SRM_NOISY,89.7367512883339,90.58468411864862,105.42286058690159,-105.2576688516221,14.614078287098655,0.67053715735075,0.0
20,SELF_CAL_SRM_22_NOISY,93.82470205707882,94.94255202540607,106.24694672483668,-106.16572327794513,15.293139876591168,0.41883134493799506,0.0
21,ORACLE_NO_SRM_NOISY,90.46450491206292,90.84169503414843,116.9647820809046,-117.97166948802749,14.734967593365933,0.6250958808345304,0.0
21,ORACLE_SRM_22_NOISY,95.88508267389798,96.10782844406954,122.76094491431131,-123.78265076689456,15.63539579300631,0.33491850619627717,0.0
21,ORACLE_SRM_EXPECTED_NOISY,96.73335940625088,97.72749438926715,122.20154611728881,-122.77754080218465,15.776305549211111,0.3037858666931132,0.0
21,SELF_CAL_NO_SRM_NOISY,89.70566813240899,90.46683583345072,105.77420950143987,-105.65130884110629,14.608914972160962,0.6729670921800038,0.0
21,SELF_CAL_SRM_22_NOISY,93.93032670348634,94.93802023052451,107.1339365604981,-107.0666206210373,15.310685498917998,0.4137691074957845,0.0
22,ORACLE_NO_SRM_NOISY,90.53122778094709,90.90050375298375,115.70287877979322,-114.9466301405784,14.746051126403172,0.6203497185109993,0.0
22,ORACLE_SRM_22_NOISY,95.83567971965871,96.08696521813127,121.53578968505327,-124.35906945636675,15.627189322202444,0.3368065793729068,0.0
22,ORACLE_SRM_EXPECTED_NOISY,96.75433963716527,97.70978595379438,120.93232218938054,-127.3874218076474,15.77979063740287,0.30308888388657645,0.0
22,SELF_CAL_NO_SRM_NOISY,89.69142291663736,90.50004308394833,104.51260777471637,-104.41819815675792,14.606548657248732,0.6741026049964304,0.0
22,SELF_CAL_SRM_22_NOISY,93.90492746233448,95.15035751739552,106.2260906052326,-106.11097383322243,15.306466355869516,0.4149676248129995,0.0
23,ORACLE_NO_SRM_NOISY,90.517577749657,90.9292557203876,116.08845499120076,-115.38809767007803,14.743783679345016,0.6214008690722552,0.0
23,ORACLE_SRM_22_NOISY,95.93325204440009,96.21590682486244,123.18936657262688,-122.6227396319763,15.643397349568122,0.3330462952630463,0.0
23,ORACLE_SRM_EXPECTED_NOISY,96.8063457894216,97.80234204041221,122.51272710410133,-125.6968472657138,15.788429533126513,0.3012077516621533,0.0
23,SELF_CAL_NO_SRM_NOISY,89.69969734853836,90.44004581981356,104.82911169950823,-104.6743083983197,14.607923147597734,0.6735205751232822,0.0
23,SELF_CAL_SRM_22_NOISY,93.93223164494722,95.11376899134939,106.56235928158965,-106.4776674354246,15.311001934376616,0.4136777355060842,0.0
24,ORACLE_NO_SRM_NOISY,90.5737860279364,90.85889001178374,116.27597301764959,-115.93260062843505,14.753120602647243,0.6172701133932695,0.0
24,ORACLE_SRM_22_NOISY,95.90359672150377,96.04301266927655,121.78115407591058,-122.88316254520984,15.63847121619664,0.3342237124666966,0.0
24,ORACLE_SRM_EXPECTED_NOISY,96.75673106445123,97.74487655685091,121.23964255816291,-124.64864997419275,15.780187884460338,0.30303786973872454,0.0
24,SELF_CAL_NO_SRM_NOISY,89.66932087196338,90.49656412729209,104.80928858484577,-104.69130006920197,14.602877221256376,0.6757627680744578,0.0
24,SELF_CAL_SRM_22_NOISY,93.85574495174191,95.08050838910896,106.02452490402814,-105.85824636873839,15.298296503611613,0.4173431981433785,0.0
25,ORACLE_NO_SRM_NOISY,90.48728978300653,90.87446724856991,116.57438751449322,-114.85114408750962,14.738752455648926,0.6234599312001115,0.0
25,ORACLE_SRM_22_NOISY,95.83309627481523,96.10779231662906,121.9023349621417,-122.91759043181304,15.626760178540737,0.336906507501854,0.0
25,ORACLE_SRM_EXPECTED_NOISY,96.7081713013545,97.6508825897318,121.90215386010667,-124.30624715129736,15.772121478630316,0.30462141288131916,0.0
25,SELF_CAL_NO_SRM_NOISY,89.6515587376042,90.43699835934646,105.61659692625268,-105.28019573322308,14.599926700598706,0.6771686816761462,0.0
25,SELF_CAL_SRM_22_NOISY,93.89587643009911,95.04228368203266,105.80173031762534,-105.76166185897188,15.304962862142709,0.4154216935076613,0.0
26,ORACLE_NO_SRM_NOISY,90.47312374182931,90.91416579194684,115.68700179937798,-117.3406728669586,14.736399292662677,0.6244650722319496,0.0
26,ORACLE_SRM_22_NOISY,95.88793990781225,96.14834955477129,121.35060405894733,-122.10919319216698,15.635870416580108,0.3347971119690535,0.0
26,ORACLE_SRM_EXPECTED_NOISY,96.73248606634164,97.72770804297556,121.71414504370611,-124.54364923943336,15.776160476136484,0.3038580129917561,0.0
26,SELF_CAL_NO_SRM_NOISY,89.63746507047374,90.43439534331097,105.48899859031046,-105.36394041411425,14.59758555987936,0.6782455845189606,0.0
26,SELF_CAL_SRM_22_NOISY,93.93351746225525,95.21960389130582,106.36270401094096,-106.2808444970866,15.311215525291571,0.413622738657413,0.0
27,ORACLE_NO_SRM_NOISY,90.542236449528,90.8838190541396,115.14509296296188,-115.30664123774514,14.747879808891696,0.6195381948649679,0.0
27,ORACLE_SRM_22_NOISY,95.87903353772994,96.05641594307448,122.091913427909,-122.66287569113675,15.634390953111286,0.3351301265968529,0.0
27,ORACLE_SRM_EXPECTED_NOISY,96.73074515983433,97.73003022702439,121.31903140145968,-126.0060765379414,15.775871289009025,0.3038514865570204,0.0
27,SELF_CAL_NO_SRM_NOISY,89.695984549222,90.51223144598436,104.9837193045286,-104.80952825137918,14.60730640352525,0.6737215432172265,0.0
27,SELF_CAL_SRM_22_NOISY,93.83928500962762,94.98052862509982,105.83926941134109,-105.77279207172717,15.295562293958076,0.41812074971771246,0.0
28,ORACLE_NO_SRM_NOISY,90.48369533403813,90.93395739823224,116.47412072756225,-114.45224650566499,14.73815537110268,0.6237107548986326,0.0
28,ORACLE_SRM_22_NOISY,95.93052678326181,96.21467326078292,122.79653508059656,-122.0251389505623,15.642944648382361,0.3331484799724901,0.0
28,ORACLE_SRM_EXPECTED_NOISY,96.75505094460274,97.70325637790974,121.20302121256115,-127.57285438135449,15.77990879478451,0.3029909046633843,0.0
28,SELF_CAL_NO_SRM_NOISY,89.6158652422155,90.45962685540576,105.26140482641382,-104.95662258566016,14.593997548540782,0.6799370649226542,0.0
28,SELF_CAL_SRM_22_NOISY,93.84887614615971,95.03896727125144,105.95226862545064,-105.888576728849,15.297155506006597,0.4176537165094983,0.0
29,ORACLE_NO_SRM_NOISY,90.39086577192697,90.59100440706332,115.97320767510766,-116.74158514200204,14.722735178060958,0.6304094413728097,0.0
29,ORACLE_SRM_22_NOISY,95.82521393033343,96.10479291491055,122.20951711187274,-124.23802401251373,15.625450818992265,0.33721964148447053,0.0
29,ORACLE_SRM_EXPECTED_NOISY,96.70125503348879,97.64911622180716,121.90657344728805,-124.96858200199547,15.770972596925048,0.3048958140010861,0.0
29,SELF_CAL_NO_SRM_NOISY,89.60893147448309,90.16905879553428,106.23601551813543,-105.89882967763694,14.59284575988091,0.680488251661663,0.0
29,SELF_CAL_SRM_22_NOISY,93.92177774196301,94.85208554825206,107.24496517620354,-107.14263591942532,15.309265405641696,0.4141652391091114,0.0
30,ORACLE_NO_SRM_NOISY,90.602007466155,91.00998646106235,115.68815022725926,-116.27073374519821,14.757808549195182,0.6152753979492516,0.0
30,ORACLE_SRM_22_NOISY,95.98283532809302,96.32888823596608,121.93811954849534,-124.55080685806159,15.651633775430733,0.33118439690990525,0.0
30,ORACLE_SRM_EXPECTED_NOISY,96.81761644516568,97.8140713797665,121.56885409039872,-124.36980361280744,15.790301735077357,0.3008929856129482,0.0
30,SELF_CAL_NO_SRM_NOISY,89.674604711858,90.56789249518226,105.12902593453283,-104.93524834653499,14.603754935524584,0.6753542326383613,0.0
30,SELF_CAL_SRM_22_NOISY,93.93880090123936,95.06397319563115,106.72292193987627,-106.5629539844265,15.31209317296335,0.4133580647708225,0.0
31,ORACLE_NO_SRM_NOISY,90.5633623499704,90.95998723026682,115.64318724351934,-116.2971402865941,14.75138909467947,0.6180692855905404,0.0
31,ORACLE_SRM_22_NOISY,95.9048402215582,95.96815927863973,123.49701456202385,-123.29670222484154,15.638677777667477,0.33413755836046183,0.0
31,ORACLE_SRM_EXPECTED_NOISY,96.75321340128546,97.70733161134109,121.76368865166685,-124.66946915203539,15.779603555030809,0.3031011565825607,0.0
31,SELF_CAL_NO_SRM_NOISY,89.68129079575874,90.50037304843156,104.96647051317535,-104.82537859527591,14.604865580690822,0.6748700026737613,0.0
31,SELF_CAL_SRM_22_NOISY,93.84407349061695,95.09602132511553,106.16986049257271,-106.07221672684372,15.296357722693847,0.41790916837987807,0.0
