unit_cap_sigma_pct,decoder,metric,mean,std,min,p01,p05,median,p95,p99,max
0.5,NOMINAL_SRM,sndr_db,66.18042595160784,3.594520205319979,59.257508277264755,59.50773572569958,61.38922103677391,65.90619294194829,72.4522306737564,74.20923971553701,79.59341288292981
0.5,NOMINAL_SRM,sfdr_db,71.28956421201157,4.712711893796805,62.295594876707895,62.92545965851749,65.03118089456352,70.5174467158924,79.08203253245391,82.71274586449357,87.37604529695838
0.5,NOMINAL_SRM,enob,10.701067433821901,0.5970963796212586,9.551081109180194,9.592647130514882,9.90518621873321,10.655513777732272,11.742895460756879,12.034757427830069,12.929138352646149
0.5,NOMINAL_SRM,code_rmse_to_oracle_affine_lsb,12.296310634279397,4.62633451253972,2.4376941555643703,4.522159751556006,5.523010149068484,11.738948879228637,19.74634089252933,24.52058113450445,25.23811775862275
0.5,NOMINAL_SRM,weight_rmse_gain_aligned_lsb,5.86460262518226,2.180439449723367,1.184849574972765,2.078694658845908,2.6710991921917557,5.678984288720909,9.421745077900795,11.642086626921028,12.228337607779718
0.5,CAL_CURRENT_SRM,sndr_db,95.27025442843086,0.35963711747817706,94.24536232388157,94.31189150403497,94.57129444539136,95.30627401674937,95.77781328851836,95.94589780968573,95.95035066515558
0.5,CAL_CURRENT_SRM,sfdr_db,111.78266351942338,2.9997715868858426,103.88421271776107,105.02522829547402,106.039863137206,111.96782278745965,116.86498071940069,118.09595666134878,119.26681970089383
0.5,CAL_CURRENT_SRM,enob,15.533264855221073,0.059740384963152336,15.36301699732252,15.374068356151989,15.417158545746073,15.539248175539763,15.61757695822564,15.645497975030853,15.6462376520192
0.5,CAL_CURRENT_SRM,code_rmse_to_oracle_affine_lsb,0.4725280199361538,0.014523789303692167,0.43777112343806485,0.4451441246108472,0.4521067874541532,0.4709910493030339,0.49779582968556635,0.5137856774611322,0.5204166213275631
0.5,CAL_CURRENT_SRM,weight_rmse_gain_aligned_lsb,0.20110144102459937,0.013160385561558824,0.17262448396214716,0.17375711496622961,0.1816047059037506,0.20096222724234078,0.22540733289029322,0.23391544352576435,0.23657527485520058
0.5,ORACLE_SRM,sndr_db,97.15337980524932,0.09472024373818162,96.97823280257316,96.98041366189315,97.00675441545407,97.1578239087201,97.31928702580804,97.36309469177192,97.42961362567378
0.5,ORACLE_SRM,sfdr_db,120.69614430638165,0.6723550243227304,118.52586871094168,118.76451062564294,119.45833307016608,120.75542361618034,121.59290581694836,122.02100883456812,122.14854836688579
0.5,ORACLE_SRM,enob,15.846076379609517,0.015734259757173016,15.816982193118465,15.817344462108496,15.82172000256712,15.846814602777425,15.873635718572764,15.880912739496997,15.891962396291326
0.5,ORACLE_SRM,code_rmse_to_oracle_affine_lsb,7.710027821408935e-12,6.058163263069348e-12,1.1102230246251565e-16,2.3917573341655303e-16,1.5746377595307243e-15,5.361788294856931e-12,2.0684386257312354e-11,2.5133525613528902e-11,3.095779588072625e-11
0.5,ORACLE_SRM,weight_rmse_gain_aligned_lsb,0.0,0.0,0.0,0.0,0.0,0.0,0.0,0.0,0.0
1.0,NOMINAL_SRM,sndr_db,60.163446667752865,3.5959315729813364,53.22892934751408,53.501586777876625,55.37927040823122,59.93083643324999,66.45600940485473,68.16653941654151,73.65043057458647
1.0,NOMINAL_SRM,sfdr_db,65.25661261163901,4.7025327601551385,56.27085001307127,56.905410694872224,59.002445084179264,64.49744246238785,73.01466111826733,76.65040266564665,81.39069937493136
1.0,NOMINAL_SRM,enob,9.701569213912437,0.5973308260766337,8.549656037793039,8.594947969746949,8.90685554954007,9.66292964007475,10.746845416088822,11.03098661404344,11.941931989133964
1.0,NOMINAL_SRM,code_rmse_to_oracle_affine_lsb,24.579155228431194,9.250598781674492,4.823574308247303,9.052992179278947,11.019891954851335,23.360486052689346,39.44485865700034,48.96163421874211,50.52615945029262
1.0,NOMINAL_SRM,weight_rmse_gain_aligned_lsb,11.729209608566666,4.360782492067141,2.368510253398785,4.153186465480036,5.341661778020182,11.357205947449287,18.844611951464447,23.282136023441904,24.45527849869021
1.0,CAL_CURRENT_SRM,sndr_db,95.2525191957181,0.48356571406851107,93.90327464198674,94.00786722533343,94.39672004758773,95.3258730593093,95.90970655674393,96.21250771888302,96.25734382345249
1.0,CAL_CURRENT_SRM,sfdr_db,112.30700195651414,3.23233279475998,103.77665536726396,104.82347667324436,106.88824259155848,112.40880947242984,117.54703544177246,118.71039617830677,118.76653227400041
1.0,CAL_CURRENT_SRM,enob,15.530318803275431,0.08032653057616446,15.306191800994476,15.323565984274657,15.388159476343478,15.54250383045005,15.639486138994007,15.689785335362627,15.697233193264532
1.0,CAL_CURRENT_SRM,code_rmse_to_oracle_affine_lsb,0.47246871592810374,0.019534255541202347,0.43084583966793855,0.43771915794357263,0.4471995682095549,0.4689071531517828,0.510716652405919,0.5263371091700718,0.5399292661382669
1.0,CAL_CURRENT_SRM,weight_rmse_gain_aligned_lsb,0.20297983880872034,0.020729642428785416,0.1496503457038153,0.1572770256740042,0.1728783453243475,0.20028786970702095,0.23833900148767273,0.251098518499965,0.25270246022629045
1.0,ORACLE_SRM,sndr_db,97.15198469843983,0.09906882358330145,96.94072148782787,96.96202241183596,96.98977612177961,97.15737014311628,97.3139894230361,97.34464716152254,97.34923868770608
1.0,ORACLE_SRM,sfdr_db,120.5702828977461,0.6988956584598508,118.26058530940252,118.6848832359389,119.40628284264521,120.64336844042217,121.44636624943432,121.67197137131811,121.86800001815193
1.0,ORACLE_SRM,enob,15.845844634292334,0.016456615213173053,15.810751077712272,15.814289437182053,15.818899688003256,15.846739226431275,15.872755718112309,15.87784836570142,15.878611077692039
1.0,ORACLE_SRM,code_rmse_to_oracle_affine_lsb,7.826742039595264e-12,5.494826732565797e-12,3.314184547378654e-17,1.0827958206286136e-16,1.533987309789438e-15,7.977916991124789e-12,1.5558826608641068e-11,2.2582139489516706e-11,3.35484799814688e-11
1.0,ORACLE_SRM,weight_rmse_gain_aligned_lsb,0.0,0.0,0.0,0.0,0.0,0.0,0.0,0.0,0.0
1.2,NOMINAL_SRM,sndr_db,58.5793894635802,3.5945687328333085,51.63605186350345,51.91758404049338,53.80652624700843,58.35826268309107,64.88650682672542,66.56478200915845,72.07698733873738
1.2,NOMINAL_SRM,sfdr_db,63.66896200363735,4.7030118518829,54.680732795789055,55.32885676325575,57.42669395990704,62.932428098563435,71.47529064572232,75.0532625782901,79.8146559673168
1.2,NOMINAL_SRM,enob,9.438436787970133,0.5971044406699848,8.285058449086952,8.331824591444084,8.645602366612698,9.40170476463307,10.48613070211386,10.764913955009709,11.680562680853386
1.2,NOMINAL_SRM,code_rmse_to_oracle_affine_lsb,29.49541726473736,11.098523391176144,5.770161432410405,10.89200336321921,13.200749191062465,27.994041737703256,47.267839773020356,58.75415872071149,60.689920058205686
1.2,NOMINAL_SRM,weight_rmse_gain_aligned_lsb,14.07507569936801,5.232898970321449,2.8413629648096976,4.982846514031109,6.409651007616264,13.628329303742001,22.609637527250435,27.937596752701563,29.34559975021408
1.2,CAL_CURRENT_SRM,sndr_db,94.76668204025222,3.6670991306593828,65.85450673402556,73.69597526151024,94.37202122639549,95.23120551843772,95.99536053766892,96.05454777875963,96.16077770450146
1.2,CAL_CURRENT_SRM,sfdr_db,111.49839892213174,5.266255557301175,76.79961296753993,85.18430371345045,106.84645503868992,111.72529755268545,116.79240489500107,118.99470802681462,119.22095356404382
1.2,CAL_CURRENT_SRM,enob,15.449614956852528,0.6091526795115255,10.646928028907901,11.949497551745887,15.384056682125498,15.526778325321882,15.65371437502806,15.663546142651102,15.68119230971785
1.2,CAL_CURRENT_SRM,code_rmse_to_oracle_affine_lsb,0.6474917414579674,1.381147648734485,0.4370721815508767,0.43977131858885815,0.4437553688021875,0.4723014026084711,0.5075809511093927,8.410941917032268,11.800516627815085
1.2,CAL_CURRENT_SRM,weight_rmse_gain_aligned_lsb,0.2016532075970524,0.024002696967998623,0.14942029730169307,0.15814201385555876,0.1652444288780373,0.1988607719736046,0.23981276513273103,0.2569776937249203,0.27284987893912654
1.2,ORACLE_SRM,sndr_db,97.14573013549901,0.0983827179934758,96.92322561233894,96.93610125565002,96.99593835186843,97.13728734199418,97.3148700732518,97.35229439748682,97.39408009487613
1.2,ORACLE_SRM,sfdr_db,120.45454172907083,0.811062277355421,118.42996642042667,118.53785564129097,118.99417582198042,120.48449387838556,121.749874584107,121.99560915942492,122.37997473505061
1.2,ORACLE_SRM,enob,15.844805670348672,0.016342644184962722,15.807844786102814,15.809983597284056,15.819923314263859,15.843403212955845,15.872902005523555,15.879118670678873,15.886059816424607
1.2,ORACLE_SRM,code_rmse_to_oracle_affine_lsb,7.199137931711901e-12,5.9520552126670215e-12,3.925231146709438e-17,8.728439640683702e-17,2.2129213056006398e-16,5.3600104200962214e-12,1.9801380162248957e-11,2.5819968256869577e-11,2.5820542391630293e-11
1.2,ORACLE_SRM,weight_rmse_gain_aligned_lsb,0.0,0.0,0.0,0.0,0.0,0.0,0.0,0.0,0.0
1.5,NOMINAL_SRM,sndr_db,56.64099159159909,3.592679610802052,49.69895930084431,49.99133695924077,51.87529631135203,56.423700954068494,62.94964441935517,64.60414091584018,70.15919530333123
1.5,NOMINAL_SRM,sfdr_db,61.722361445763994,4.69888524979028,52.74233652732998,53.388496711083405,55.49216025885706,61.003716622753885,69.54765800556086,73.08124043982438,77.93273619637185
1.5,NOMINAL_SRM,enob,9.116443785979914,0.5967906330235967,7.963282275887759,8.011849993229365,8.324800051719608,9.080348995692441,10.164392760690227,10.439226065754184,11.36199257530419
1.5,NOMINAL_SRM,code_rmse_to_oracle_affine_lsb,36.86374234170479,13.859932878517597,7.192839424340902,13.629691790930679,16.496635175311635,34.97442216385087,59.042021809065666,73.3394553498513,75.85070383046823
1.5,NOMINAL_SRM,weight_rmse_gain_aligned_lsb,17.593899833277383,6.5410543062535655,3.5499870396554862,6.227186299101339,8.011381742800666,17.034837557094313,28.25466146955273,34.92018921587166,36.680594843300824
1.5,CAL_CURRENT_SRM,sndr_db,94.01385584246304,6.546470842569672,54.137299438064474,55.343736847789444,93.90726632889546,95.21664471588946,96.03059222355625,96.20974368251807,96.4346507583597
1.5,CAL_CURRENT_SRM,sfdr_db,111.12670761182588,8.379967826474445,62.59948573653457,64.02692095969492,107.67034523981731,112.67464387818092,116.97810203895813,118.09726915892735,118.49439626978665
1.5,CAL_CURRENT_SRM,enob,15.324560771173266,1.0874536283338325,8.700548079412703,8.900952964749077,15.306854871909545,15.524359587357054,15.659566814544227,15.689326193109313,15.726686172485
1.5,CAL_CURRENT_SRM,code_rmse_to_oracle_affine_lsb,1.4683428585264853,6.108348955197878,0.40948201220863617,0.43500179071099504,0.4416307084276404,0.47056749796132885,0.5360412240838913,40.443190037667165,45.5142397605077
1.5,CAL_CURRENT_SRM,weight_rmse_gain_aligned_lsb,0.198761280418958,0.025808928360477105,0.14519062850385572,0.14784190486878854,0.1557362524712745,0.19487463293091395,0.24053567101817894,0.24772573684747584,0.2541291648883246
1.5,ORACLE_SRM,sndr_db,97.14742280591635,0.09936119694885116,96.89135309966017,96.95493888926406,96.99973785025384,97.14319520730015,97.32136855096793,97.39591210036109,97.43664757706172
1.5,ORACLE_SRM,sfdr_db,120.70536868471389,0.6074396528940005,119.21074036848309,119.3381876649383,119.63130338375029,120.71873125348867,121.7182746257822,121.92048593233275,121.96205237395537
1.5,ORACLE_SRM,enob,15.845086844836603,0.016505182217417085,15.802550348780759,15.813112772303,15.820554460175057,15.844384585930257,15.87398148687175,15.886364136272604,15.893130826754438
1.5,ORACLE_SRM,code_rmse_to_oracle_affine_lsb,8.185254597390326e-12,5.580025073834506e-12,0.0,3.0680207153970163e-17,8.625350008139196e-16,5.361854066651138e-12,1.9799108352453828e-11,2.0685740102626542e-11,2.0689615855548952e-11
1.5,ORACLE_SRM,weight_rmse_gain_aligned_lsb,0.0,0.0,0.0,0.0,0.0,0.0,0.0,0.0,0.0
2.0,NOMINAL_SRM,sndr_db,54.14277492706333,3.5909885395442713,47.192374646305964,47.515759039746065,49.388951416828085,53.93740506280803,60.46427565787088,62.09084157879538,67.68500190952166
2.0,NOMINAL_SRM,sfdr_db,59.21577147560305,4.7004565250031725,50.243356648114954,50.90069960782865,52.99718594504137,58.44314439102405,67.14808191114184,70.56345299214794,75.48534427186617
2.0,NOMINAL_SRM,enob,8.701457629080288,0.5965097241767894,7.54690608742624,7.6006244252069886,7.911785949639218,8.667343033689043,9.751540806955296,10.021734481527472,10.950996994937153
2.0,NOMINAL_SRM,code_rmse_to_oracle_affine_lsb,49.14536613486737,18.465056168368235,9.561261142730864,18.216248773896304,21.958792307204174,46.56397175382883,78.61490268882011,97.52880507874488,101.2225350895731
2.0,NOMINAL_SRM,weight_rmse_gain_aligned_lsb,23.4586769547866,8.721267650634056,4.729283135012713,8.30068383956325,10.680258012522458,22.711881692477746,37.65633793053628,46.55624787715668,48.904291352064845
2.0,CAL_CURRENT_SRM,sndr_db,91.34482203341119,11.296935751381705,45.735304832278274,47.501461259312855,59.14173616978615,95.12880078189761,96.06263706299492,96.25299100879923,96.3842891053112
2.0,CAL_CURRENT_SRM,sfdr_db,107.51739580747505,13.985877598789624,52.24224419007909,54.419642853149064,68.69563997572094,111.3572696549468,118.09501104522069,119.07411229821415,119.54086260146694
2.0,CAL_CURRENT_SRM,enob,14.881199673324119,1.876567400561745,7.304867912338585,7.598249378623399,9.531849862090723,15.509767571743788,15.664889877573907,15.69651013435203,15.718320449387242
2.0,CAL_CURRENT_SRM,code_rmse_to_oracle_affine_lsb,4.453755458352408,16.684387076330765,0.4268815453850874,0.4361803301820404,0.44014841363904855,0.476955384957684,25.717452039056578,98.93573131706971,119.7115192392666
2.0,CAL_CURRENT_SRM,weight_rmse_gain_aligned_lsb,0.1975181709348565,0.027690660369322023,0.13317422347014857,0.1457733670383441,0.15507436329728078,0.19444323130260557,0.2430819395057562,0.2625581916131927,0.27542445681787914
2.0,ORACLE_SRM,sndr_db,97.1486183708954,0.09895469232424708,96.89020749510081,96.9519768236087,97.00685111229932,97.14659136312304,97.3110479618753,97.35755686471218,97.37689948389911
2.0,ORACLE_SRM,sfdr_db,120.70195313556147,0.6247480452024281,119.07156775599191,119.33314108443963,119.49491625457948,120.80500213104503,121.65429816600086,121.83834924252834,121.93089400527457
2.0,ORACLE_SRM,enob,15.845285443670333,0.016437656532266868,15.802360049020068,15.81262073481872,15.821736065166002,15.844948731415785,15.872267103301546,15.879992834669796,15.8832058943354
2.0,ORACLE_SRM,code_rmse_to_oracle_affine_lsb,7.757669828748093e-12,5.8466559606201514e-12,5.5212190593205246e-17,1.1743460598036236e-16,6.174940750684114e-16,5.361834324725783e-12,1.725110627329724e-11,2.328200595500846e-11,2.5818706066856712e-11
2.0,ORACLE_SRM,weight_rmse_gain_aligned_lsb,0.0,0.0,0.0,0.0,0.0,0.0,0.0,0.0,0.0
3.0,NOMINAL_SRM,sndr_db,50.62050077769197,3.58935973247041,43.6662670856207,44.03017151146317,45.89392465029966,50.40436851364113,56.98315090886529,58.53813780623496,64.19288487798809
3.0,NOMINAL_SRM,sfdr_db,55.68311280015807,4.699784092038395,46.728942880093946,47.3792245716446,49.488418175843044,54.974808438560515,63.71181996775414,66.97140309671884,72.06114559930239
3.0,NOMINAL_SRM,enob,8.11636225543056,0.5962391582176761,6.96117393448849,7.021623174661657,7.331216719318881,8.080459885986901,9.173280881871312,9.431584353195177,10.370911109300348
3.0,NOMINAL_SRM,code_rmse_to_oracle_affine_lsb,73.71428371714751,27.675018397752996,14.296113009774452,27.429147620169598,32.79005537249251,69.93737141070352,117.5496491425847,145.68458099478138,151.911926778043
3.0,NOMINAL_SRM,weight_rmse_gain_aligned_lsb,35.18852388117754,13.081562811490809,7.081355729826392,12.446175456106737,16.015481331201006,34.06422229292933,56.43463445481959,69.82238841771787,73.34684656679146
3.0,CAL_CURRENT_SRM,sndr_db,86.61127902827428,17.314295214619346,38.72916949961379,39.753177116248814,47.18340657793022,94.7562361316389,95.98006327106646,96.23435075682106,96.2781911932391
3.0,CAL_CURRENT_SRM,sfdr_db,101.49592230032334,21.008223774990782,43.57542349006759,44.84166993692228,54.025789697351385,110.2685403087435,116.7547791908353,117.58313157935795,117.98456268050863
3.0,CAL_CURRENT_SRM,enob,14.094896848550547,2.876128773192582,6.141058056414251,6.311158989410103,7.545416375071466,15.447879756086195,15.651173300841606,15.693413746980243,15.70069621150151
3.0,CAL_CURRENT_SRM,code_rmse_to_oracle_affine_lsb,16.547119852042577,45.31437982769232,0.43261839105912175,0.4376438111046361,0.4459658381161304,0.4901745911129082,101.32826519675379,239.16506357530866,268.1803106799882
3.0,CAL_CURRENT_SRM,weight_rmse_gain_aligned_lsb,0.19052094684480217,0.033564534596281594,0.11882284220204674,0.13083949291303631,0.142604557204857,0.1855004348345662,0.24792369015021698,0.27736502526803997,0.2860732559131762
3.0,ORACLE_SRM,sndr_db,97.15676897675691,0.09452007546934149,96.94026441579281,96.96605295671438,97.00547122748856,97.1602527305556,97.31386893378401,97.33120770957096,97.35095507381314
3.0,ORACLE_SRM,sfdr_db,120.63127332035478,0.5917156425492305,119.17645096283047,119.37500547455366,119.67289975679314,120.66011417431204,121.55263441756065,121.92763950812302,122.01454607932136
3.0,ORACLE_SRM,enob,15.846639364909784,0.015701009214176352,15.810675152125052,15.814958962909365,15.821506848420025,15.847218061554086,15.87273570328638,15.875615898599829,15.878896191663312
3.0,ORACLE_SRM,code_rmse_to_oracle_affine_lsb,7.310072842396262e-12,5.7973544021246754e-12,1.1102230246251565e-16,1.1102230246251565e-16,5.702490520131835e-16,5.361728075771703e-12,1.9801192240678218e-11,2.0689628371306856e-11,2.0690906950352502e-11
3.0,ORACLE_SRM,weight_rmse_gain_aligned_lsb,0.0,0.0,0.0,0.0,0.0,0.0,0.0,0.0,0.0
